Restaurant,Sample Reviews,Rating_Value
Skillet KL,Waited too long between courses. (⭐⭐⭐⭐⭐),5
NADODI,Friendly and welcoming atmosphere. (⭐⭐⭐⭐),4
"PRIME, Le Méridien Kuala Lumpur",Waited too long between courses. (⭐),1
Sabayon at EQ,Service was slow despite reservations. (⭐⭐),2
NADODI,Staff were attentive and explained dishes beautifully. (⭐⭐⭐),3
"THIRTY8 Restaurant, Bar & Lounge","Authentic flavors, reminded me of home cooking. (⭐)",1
"PRIME, Le Méridien Kuala Lumpur",Delay spoiled the dining flow. (⭐⭐),2
Bijan Bar & Restaurant,Desserts didn’t live up to the mains. (⭐⭐⭐),3
Fuego at Troika Sky Dining,Staff were attentive and explained dishes beautifully. (⭐⭐⭐⭐⭐),5
Beta KL,Food arrived quickly and piping hot. (⭐⭐),2
Bijan Bar & Restaurant,"Authentic flavors, reminded me of home cooking. (⭐)",1
Skillet KL,Waited too long between courses. (⭐⭐⭐⭐),4
Bijan Bar & Restaurant,Desserts didn’t live up to the mains. (⭐⭐),2
Bijan Bar & Restaurant,"Authentic flavors, reminded me of home cooking. (⭐⭐⭐⭐)",4
Beta KL,Waited too long between courses. (⭐⭐⭐⭐),4
RESTORAN SENTRAL SPICE,Desserts didn’t live up to the mains. (⭐⭐⭐⭐⭐),5
Beta KL,Waited too long between courses. (⭐⭐⭐),3
NADODI,Service was slow despite reservations. (⭐⭐⭐⭐⭐),5
NADODI,Staff were attentive and explained dishes beautifully. (⭐⭐⭐⭐⭐),5
Skillet KL,Waited too long between courses. (⭐⭐⭐),3
"PRIME, Le Méridien Kuala Lumpur",Waited too long between courses. (⭐⭐⭐),3
RESTORAN SENTRAL SPICE,Desserts didn’t live up to the mains. (⭐⭐⭐⭐⭐),5
"THIRTY8 Restaurant, Bar & Lounge",Portions were too small for the price. (⭐⭐⭐),3
RESTORAN SENTRAL SPICE,Desserts didn’t live up to the mains. (⭐⭐),2
Bunglow37,Food arrived quickly and piping hot. (⭐⭐⭐⭐),4
Bijan Bar & Restaurant,Portions were too small for the price. (⭐⭐⭐⭐),4
Skillet KL,Food arrived quickly and piping hot. (⭐⭐),2
Beta KL,Waited too long between courses. (⭐⭐),2
Bijan Bar & Restaurant,Portions were too small for the price. (⭐⭐),2
Skillet KL,Delay spoiled the dining flow. (⭐⭐),2
Fuego at Troika Sky Dining,Staff were attentive and explained dishes beautifully. (⭐⭐⭐),3
Beta KL,Delay spoiled the dining flow. (⭐⭐⭐⭐⭐),5
RESTORAN SENTRAL SPICE,"Authentic flavors, reminded me of home cooking. (⭐⭐⭐)",3
Skillet KL,Waited too long between courses. (⭐),1
Sabayon at EQ,Staff were attentive and explained dishes beautifully. (⭐),1
Bijan Bar & Restaurant,"Authentic flavors, reminded me of home cooking. (⭐)",1
"PRIME, Le Méridien Kuala Lumpur",Delay spoiled the dining flow. (⭐⭐⭐⭐),4
Sabayon at EQ,Staff were attentive and explained dishes beautifully. (⭐⭐⭐⭐),4
Skillet KL,Delay spoiled the dining flow. (⭐),1
"THIRTY8 Restaurant, Bar & Lounge","Authentic flavors, reminded me of home cooking. (⭐⭐⭐⭐⭐)",5
Bunglow37,Delay spoiled the dining flow. (⭐⭐⭐⭐⭐),5
Beta KL,Food arrived quickly and piping hot. (⭐⭐),2
Beta KL,Food arrived quickly and piping hot. (⭐),1
RESTORAN SENTRAL SPICE,Desserts didn’t live up to the mains. (⭐),1
Sabayon at EQ,Service was slow despite reservations. (⭐),1
Beta KL,Delay spoiled the dining flow. (⭐⭐⭐⭐),4
"THIRTY8 Restaurant, Bar & Lounge",Portions were too small for the price. (⭐⭐),2
NADODI,Friendly and welcoming atmosphere. (⭐⭐⭐⭐),4
Bunglow37,Delay spoiled the dining flow. (⭐⭐⭐),3
Skillet KL,Food arrived quickly and piping hot. (⭐),1
Bunglow37,Delay spoiled the dining flow. (⭐⭐⭐⭐),4
RESTORAN SENTRAL SPICE,Desserts didn’t live up to the mains. (⭐⭐⭐),3
Bijan Bar & Restaurant,Portions were too small for the price. (⭐),1
Sabayon at EQ,Friendly and welcoming atmosphere. (⭐),1
Bunglow37,Food arrived quickly and piping hot. (⭐⭐⭐),3
RESTORAN SENTRAL SPICE,"Authentic flavors, reminded me of home cooking. (⭐⭐⭐)",3
NADODI,Friendly and welcoming atmosphere. (⭐⭐⭐⭐),4
"PRIME, Le Méridien Kuala Lumpur",Delay spoiled the dining flow. (⭐⭐⭐⭐),4
RESTORAN SENTRAL SPICE,Desserts didn’t live up to the mains. (⭐),1
Skillet KL,Food arrived quickly and piping hot. (⭐⭐⭐⭐⭐),5
Beta KL,Food arrived quickly and piping hot. (⭐⭐),2
Beta KL,Delay spoiled the dining flow. (⭐⭐⭐⭐⭐),5
RESTORAN SENTRAL SPICE,Desserts didn’t live up to the mains. (⭐⭐⭐),3
Bijan Bar & Restaurant,"Authentic flavors, reminded me of home cooking. (⭐⭐⭐⭐)",4
"THIRTY8 Restaurant, Bar & Lounge",Portions were too small for the price. (⭐⭐⭐),3
RESTORAN SENTRAL SPICE,"Authentic flavors, reminded me of home cooking. (⭐⭐⭐⭐)",4
Sabayon at EQ,Friendly and welcoming atmosphere. (⭐),1
RESTORAN SENTRAL SPICE,Portions were too small for the price. (⭐⭐⭐),3
"PRIME, Le Méridien Kuala Lumpur",Waited too long between courses. (⭐),1
Fuego at Troika Sky Dining,Service was slow despite reservations. (⭐⭐⭐),3
Sabayon at EQ,Staff were attentive and explained dishes beautifully. (⭐⭐⭐⭐),4
"THIRTY8 Restaurant, Bar & Lounge","Authentic flavors, reminded me of home cooking. (⭐)",1
Bunglow37,Delay spoiled the dining flow. (⭐),1
"PRIME, Le Méridien Kuala Lumpur",Delay spoiled the dining flow. (⭐⭐),2
Skillet KL,Food arrived quickly and piping hot. (⭐⭐),2
Sabayon at EQ,Service was slow despite reservations. (⭐),1
Sabayon at EQ,Friendly and welcoming atmosphere. (⭐⭐⭐⭐),4
NADODI,Friendly and welcoming atmosphere. (⭐⭐⭐⭐⭐),5
Bunglow37,Waited too long between courses. (⭐⭐⭐),3
"THIRTY8 Restaurant, Bar & Lounge","Authentic flavors, reminded me of home cooking. (⭐⭐⭐⭐⭐)",5
RESTORAN SENTRAL SPICE,"Authentic flavors, reminded me of home cooking. (⭐)",1
Beta KL,Delay spoiled the dining flow. (⭐⭐⭐⭐⭐),5
Skillet KL,Waited too long between courses. (⭐⭐⭐⭐⭐),5
Bunglow37,Food arrived quickly and piping hot. (⭐⭐⭐),3
Skillet KL,Waited too long between courses. (⭐⭐⭐⭐),4
Bijan Bar & Restaurant,Desserts didn’t live up to the mains. (⭐),1
Beta KL,Delay spoiled the dining flow. (⭐),1
Sabayon at EQ,Friendly and welcoming atmosphere. (⭐⭐⭐⭐⭐),5
Beta KL,Waited too long between courses. (⭐⭐⭐⭐⭐),5
Skillet KL,Food arrived quickly and piping hot. (⭐⭐⭐),3
Sabayon at EQ,Staff were attentive and explained dishes beautifully. (⭐⭐⭐⭐⭐),5
RESTORAN SENTRAL SPICE,"Authentic flavors, reminded me of home cooking. (⭐⭐)",2
RESTORAN SENTRAL SPICE,Portions were too small for the price. (⭐⭐),2
Sabayon at EQ,Staff were attentive and explained dishes beautifully. (⭐⭐⭐⭐⭐),5
Beta KL,Delay spoiled the dining flow. (⭐⭐⭐⭐),4
Bunglow37,Food arrived quickly and piping hot. (⭐⭐⭐),3
Bijan Bar & Restaurant,Portions were too small for the price. (⭐⭐⭐⭐),4
"THIRTY8 Restaurant, Bar & Lounge",Desserts didn’t live up to the mains. (⭐⭐⭐⭐⭐),5
Beta KL,Delay spoiled the dining flow. (⭐⭐⭐⭐),4
Skillet KL,Food arrived quickly and piping hot. (⭐⭐⭐),3
"PRIME, Le Méridien Kuala Lumpur",Food arrived quickly and piping hot. (⭐),1
Beta KL,Food arrived quickly and piping hot. (⭐⭐⭐⭐),4
Sabayon at EQ,Service was slow despite reservations. (⭐⭐⭐⭐),4
Skillet KL,Food arrived quickly and piping hot. (⭐⭐⭐⭐⭐),5
Fuego at Troika Sky Dining,Staff were attentive and explained dishes beautifully. (⭐⭐),2
"THIRTY8 Restaurant, Bar & Lounge","Authentic flavors, reminded me of home cooking. (⭐⭐⭐)",3
Fuego at Troika Sky Dining,Staff were attentive and explained dishes beautifully. (⭐),1
Sabayon at EQ,Friendly and welcoming atmosphere. (⭐⭐⭐⭐),4
Fuego at Troika Sky Dining,Service was slow despite reservations. (⭐⭐),2
Fuego at Troika Sky Dining,Staff were attentive and explained dishes beautifully. (⭐⭐⭐⭐),4
NADODI,Service was slow despite reservations. (⭐⭐⭐),3
NADODI,Staff were attentive and explained dishes beautifully. (⭐⭐⭐⭐),4
Fuego at Troika Sky Dining,Staff were attentive and explained dishes beautifully. (⭐⭐⭐⭐),4
"THIRTY8 Restaurant, Bar & Lounge",Desserts didn’t live up to the mains. (⭐⭐⭐⭐⭐),5
Skillet KL,Food arrived quickly and piping hot. (⭐⭐⭐),3
Bunglow37,Food arrived quickly and piping hot. (⭐⭐⭐⭐),4
Bunglow37,Food arrived quickly and piping hot. (⭐⭐),2
Bijan Bar & Restaurant,Portions were too small for the price. (⭐⭐⭐⭐⭐),5
"THIRTY8 Restaurant, Bar & Lounge",Desserts didn’t live up to the mains. (⭐⭐),2
Bunglow37,Food arrived quickly and piping hot. (⭐⭐⭐⭐),4
Sabayon at EQ,Service was slow despite reservations. (⭐⭐⭐),3
Bunglow37,Waited too long between courses. (⭐),1
RESTORAN SENTRAL SPICE,"Authentic flavors, reminded me of home cooking. (⭐⭐)",2
Fuego at Troika Sky Dining,Service was slow despite reservations. (⭐⭐),2
RESTORAN SENTRAL SPICE,Portions were too small for the price. (⭐),1
"THIRTY8 Restaurant, Bar & Lounge",Desserts didn’t live up to the mains. (⭐),1
Skillet KL,Delay spoiled the dining flow. (⭐⭐⭐),3
Skillet KL,Food arrived quickly and piping hot. (⭐⭐),2
"PRIME, Le Méridien Kuala Lumpur",Waited too long between courses. (⭐⭐⭐⭐⭐),5
Fuego at Troika Sky Dining,Friendly and welcoming atmosphere. (⭐⭐⭐),3
RESTORAN SENTRAL SPICE,Portions were too small for the price. (⭐),1
Fuego at Troika Sky Dining,Staff were attentive and explained dishes beautifully. (⭐⭐),2
Skillet KL,Delay spoiled the dining flow. (⭐),1
"PRIME, Le Méridien Kuala Lumpur",Delay spoiled the dining flow. (⭐⭐),2
Sabayon at EQ,Service was slow despite reservations. (⭐⭐⭐),3
Beta KL,Delay spoiled the dining flow. (⭐⭐⭐⭐),4
Bunglow37,Delay spoiled the dining flow. (⭐⭐⭐⭐⭐),5
NADODI,Service was slow despite reservations. (⭐⭐⭐⭐),4
RESTORAN SENTRAL SPICE,Portions were too small for the price. (⭐),1
Sabayon at EQ,Staff were attentive and explained dishes beautifully. (⭐),1
Bijan Bar & Restaurant,Portions were too small for the price. (⭐),1
Fuego at Troika Sky Dining,Service was slow despite reservations. (⭐⭐),2
Fuego at Troika Sky Dining,Staff were attentive and explained dishes beautifully. (⭐),1
Sabayon at EQ,Friendly and welcoming atmosphere. (⭐⭐⭐⭐),4
Bunglow37,Food arrived quickly and piping hot. (⭐),1
RESTORAN SENTRAL SPICE,"Authentic flavors, reminded me of home cooking. (⭐⭐)",2
NADODI,Service was slow despite reservations. (⭐),1
Bunglow37,Delay spoiled the dining flow. (⭐⭐⭐⭐),4
Skillet KL,Delay spoiled the dining flow. (⭐⭐⭐),3
Skillet KL,Delay spoiled the dining flow. (⭐),1
"PRIME, Le Méridien Kuala Lumpur",Food arrived quickly and piping hot. (⭐⭐⭐⭐⭐),5
Skillet KL,Food arrived quickly and piping hot. (⭐⭐⭐),3
Bijan Bar & Restaurant,"Authentic flavors, reminded me of home cooking. (⭐⭐⭐)",3
RESTORAN SENTRAL SPICE,Desserts didn’t live up to the mains. (⭐⭐⭐⭐⭐),5
Sabayon at EQ,Friendly and welcoming atmosphere. (⭐⭐⭐),3
Beta KL,Delay spoiled the dining flow. (⭐⭐⭐⭐),4
"THIRTY8 Restaurant, Bar & Lounge",Desserts didn’t live up to the mains. (⭐⭐⭐⭐⭐),5
Sabayon at EQ,Staff were attentive and explained dishes beautifully. (⭐⭐⭐⭐),4
"PRIME, Le Méridien Kuala Lumpur",Delay spoiled the dining flow. (⭐),1
Sabayon at EQ,Staff were attentive and explained dishes beautifully. (⭐⭐⭐⭐),4
NADODI,Friendly and welcoming atmosphere. (⭐⭐⭐⭐),4
"THIRTY8 Restaurant, Bar & Lounge","Authentic flavors, reminded me of home cooking. (⭐⭐)",2
NADODI,Friendly and welcoming atmosphere. (⭐⭐⭐⭐),4
Sabayon at EQ,Staff were attentive and explained dishes beautifully. (⭐),1
RESTORAN SENTRAL SPICE,"Authentic flavors, reminded me of home cooking. (⭐)",1
Bunglow37,Delay spoiled the dining flow. (⭐⭐⭐⭐⭐),5
Fuego at Troika Sky Dining,Staff were attentive and explained dishes beautifully. (⭐⭐⭐),3
Skillet KL,Delay spoiled the dining flow. (⭐⭐⭐⭐⭐),5
Bijan Bar & Restaurant,Portions were too small for the price. (⭐⭐⭐⭐),4
Skillet KL,Waited too long between courses. (⭐⭐⭐⭐),4
RESTORAN SENTRAL SPICE,"Authentic flavors, reminded me of home cooking. (⭐⭐⭐⭐)",4
Beta KL,Food arrived quickly and piping hot. (⭐),1
Fuego at Troika Sky Dining,Service was slow despite reservations. (⭐⭐⭐),3
"PRIME, Le Méridien Kuala Lumpur",Delay spoiled the dining flow. (⭐⭐⭐⭐⭐),5
"PRIME, Le Méridien Kuala Lumpur",Food arrived quickly and piping hot. (⭐⭐⭐⭐),4
Beta KL,Waited too long between courses. (⭐⭐⭐⭐),4
"PRIME, Le Méridien Kuala Lumpur",Delay spoiled the dining flow. (⭐⭐⭐⭐⭐),5
"PRIME, Le Méridien Kuala Lumpur",Waited too long between courses. (⭐),1
"THIRTY8 Restaurant, Bar & Lounge",Desserts didn’t live up to the mains. (⭐⭐),2
Skillet KL,Waited too long between courses. (⭐⭐⭐⭐⭐),5
"PRIME, Le Méridien Kuala Lumpur",Delay spoiled the dining flow. (⭐⭐⭐⭐),4
Sabayon at EQ,Staff were attentive and explained dishes beautifully. (⭐⭐),2
Beta KL,Delay spoiled the dining flow. (⭐⭐),2
Skillet KL,Waited too long between courses. (⭐⭐⭐⭐),4
Fuego at Troika Sky Dining,Friendly and welcoming atmosphere. (⭐⭐⭐⭐),4
NADODI,Friendly and welcoming atmosphere. (⭐⭐⭐),3
NADODI,Service was slow despite reservations. (⭐⭐⭐⭐⭐),5
NADODI,Friendly and welcoming atmosphere. (⭐⭐),2
Sabayon at EQ,Friendly and welcoming atmosphere. (⭐⭐),2
Sabayon at EQ,Friendly and welcoming atmosphere. (⭐⭐⭐⭐),4
"PRIME, Le Méridien Kuala Lumpur",Waited too long between courses. (⭐⭐⭐⭐⭐),5
Bunglow37,Waited too long between courses. (⭐⭐⭐⭐),4
"PRIME, Le Méridien Kuala Lumpur",Waited too long between courses. (⭐⭐⭐⭐),4
Sabayon at EQ,Staff were attentive and explained dishes beautifully. (⭐⭐⭐),3
"PRIME, Le Méridien Kuala Lumpur",Delay spoiled the dining flow. (⭐⭐⭐),3
NADODI,Friendly and welcoming atmosphere. (⭐⭐),2
Sabayon at EQ,Friendly and welcoming atmosphere. (⭐),1
NADODI,Service was slow despite reservations. (⭐⭐),2
NADODI,Friendly and welcoming atmosphere. (⭐),1
"PRIME, Le Méridien Kuala Lumpur",Delay spoiled the dining flow. (⭐⭐),2
Fuego at Troika Sky Dining,Service was slow despite reservations. (⭐⭐),2
Fuego at Troika Sky Dining,Friendly and welcoming atmosphere. (⭐⭐⭐),3
NADODI,Friendly and welcoming atmosphere. (⭐⭐⭐⭐),4
NADODI,Service was slow despite reservations. (⭐),1
"THIRTY8 Restaurant, Bar & Lounge","Authentic flavors, reminded me of home cooking. (⭐)",1
Beta KL,Waited too long between courses. (⭐⭐),2
Fuego at Troika Sky Dining,Service was slow despite reservations. (⭐),1
RESTORAN SENTRAL SPICE,Desserts didn’t live up to the mains. (⭐⭐⭐),3
Sabayon at EQ,Staff were attentive and explained dishes beautifully. (⭐⭐⭐⭐⭐),5
Bunglow37,Waited too long between courses. (⭐⭐⭐⭐⭐),5
NADODI,Staff were attentive and explained dishes beautifully. (⭐⭐⭐⭐⭐),5
Bijan Bar & Restaurant,Desserts didn’t live up to the mains. (⭐⭐⭐⭐),4
"PRIME, Le Méridien Kuala Lumpur",Food arrived quickly and piping hot. (⭐⭐⭐⭐⭐),5
Beta KL,Food arrived quickly and piping hot. (⭐⭐⭐),3
"THIRTY8 Restaurant, Bar & Lounge","Authentic flavors, reminded me of home cooking. (⭐)",1
Beta KL,Food arrived quickly and piping hot. (⭐⭐⭐),3
Sabayon at EQ,Staff were attentive and explained dishes beautifully. (⭐⭐),2
"PRIME, Le Méridien Kuala Lumpur",Food arrived quickly and piping hot. (⭐⭐⭐⭐⭐),5
NADODI,Friendly and welcoming atmosphere. (⭐⭐⭐),3
Beta KL,Waited too long between courses. (⭐⭐⭐⭐),4
Bunglow37,Delay spoiled the dining flow. (⭐⭐),2
RESTORAN SENTRAL SPICE,Portions were too small for the price. (⭐⭐⭐⭐⭐),5
Bunglow37,Food arrived quickly and piping hot. (⭐⭐⭐⭐⭐),5
NADODI,Service was slow despite reservations. (⭐⭐⭐⭐⭐),5
"THIRTY8 Restaurant, Bar & Lounge",Desserts didn’t live up to the mains. (⭐⭐⭐⭐),4
"THIRTY8 Restaurant, Bar & Lounge","Authentic flavors, reminded me of home cooking. (⭐)",1
Bunglow37,Delay spoiled the dining flow. (⭐⭐⭐⭐),4
Fuego at Troika Sky Dining,Friendly and welcoming atmosphere. (⭐⭐⭐⭐⭐),5
Skillet KL,Food arrived quickly and piping hot. (⭐),1
NADODI,Friendly and welcoming atmosphere. (⭐⭐⭐),3
NADODI,Friendly and welcoming atmosphere. (⭐),1
Skillet KL,Food arrived quickly and piping hot. (⭐⭐⭐),3
Bijan Bar & Restaurant,Desserts didn’t live up to the mains. (⭐),1
Sabayon at EQ,Staff were attentive and explained dishes beautifully. (⭐⭐),2
Bijan Bar & Restaurant,"Authentic flavors, reminded me of home cooking. (⭐⭐⭐⭐⭐)",5
NADODI,Friendly and welcoming atmosphere. (⭐⭐),2
Skillet KL,Delay spoiled the dining flow. (⭐⭐⭐⭐),4
Beta KL,Delay spoiled the dining flow. (⭐⭐),2
Sabayon at EQ,Service was slow despite reservations. (⭐⭐⭐⭐),4
Bijan Bar & Restaurant,Desserts didn’t live up to the mains. (⭐),1
Bijan Bar & Restaurant,Desserts didn’t live up to the mains. (⭐⭐⭐),3
NADODI,Staff were attentive and explained dishes beautifully. (⭐⭐⭐),3
"THIRTY8 Restaurant, Bar & Lounge",Desserts didn’t live up to the mains. (⭐),1
Skillet KL,Food arrived quickly and piping hot. (⭐),1
Skillet KL,Delay spoiled the dining flow. (⭐⭐⭐⭐⭐),5
Beta KL,Food arrived quickly and piping hot. (⭐),1
Sabayon at EQ,Friendly and welcoming atmosphere. (⭐⭐⭐⭐),4
Bijan Bar & Restaurant,"Authentic flavors, reminded me of home cooking. (⭐⭐⭐⭐)",4
Beta KL,Delay spoiled the dining flow. (⭐),1
Bunglow37,Food arrived quickly and piping hot. (⭐),1
Fuego at Troika Sky Dining,Staff were attentive and explained dishes beautifully. (⭐⭐),2
NADODI,Service was slow despite reservations. (⭐⭐⭐⭐),4
Skillet KL,Delay spoiled the dining flow. (⭐⭐⭐⭐),4
Beta KL,Delay spoiled the dining flow. (⭐⭐⭐⭐⭐),5
Skillet KL,Food arrived quickly and piping hot. (⭐⭐⭐),3
RESTORAN SENTRAL SPICE,Desserts didn’t live up to the mains. (⭐⭐),2
NADODI,Staff were attentive and explained dishes beautifully. (⭐⭐⭐⭐⭐),5
Bijan Bar & Restaurant,Desserts didn’t live up to the mains. (⭐⭐⭐),3
RESTORAN SENTRAL SPICE,Portions were too small for the price. (⭐⭐⭐),3
"THIRTY8 Restaurant, Bar & Lounge",Portions were too small for the price. (⭐⭐⭐),3
RESTORAN SENTRAL SPICE,Desserts didn’t live up to the mains. (⭐⭐⭐⭐),4
"PRIME, Le Méridien Kuala Lumpur",Food arrived quickly and piping hot. (⭐⭐⭐),3
"PRIME, Le Méridien Kuala Lumpur",Food arrived quickly and piping hot. (⭐⭐⭐⭐),4
Beta KL,Waited too long between courses. (⭐),1
Sabayon at EQ,Staff were attentive and explained dishes beautifully. (⭐⭐⭐⭐⭐),5
Beta KL,Waited too long between courses. (⭐⭐⭐⭐⭐),5
Beta KL,Food arrived quickly and piping hot. (⭐⭐⭐⭐),4
Skillet KL,Waited too long between courses. (⭐⭐⭐⭐),4
Bijan Bar & Restaurant,"Authentic flavors, reminded me of home cooking. (⭐)",1
Bunglow37,Food arrived quickly and piping hot. (⭐),1
Sabayon at EQ,Staff were attentive and explained dishes beautifully. (⭐⭐⭐⭐⭐),5
Bunglow37,Food arrived quickly and piping hot. (⭐),1
"PRIME, Le Méridien Kuala Lumpur",Waited too long between courses. (⭐⭐),2
"PRIME, Le Méridien Kuala Lumpur",Delay spoiled the dining flow. (⭐⭐⭐⭐⭐),5
NADODI,Staff were attentive and explained dishes beautifully. (⭐⭐),2
Beta KL,Waited too long between courses. (⭐⭐⭐⭐⭐),5
Bunglow37,Waited too long between courses. (⭐⭐⭐),3
Sabayon at EQ,Service was slow despite reservations. (⭐),1
Fuego at Troika Sky Dining,Service was slow despite reservations. (⭐⭐⭐⭐),4
NADODI,Service was slow despite reservations. (⭐⭐⭐),3
Skillet KL,Waited too long between courses. (⭐⭐),2
Bunglow37,Food arrived quickly and piping hot. (⭐⭐⭐⭐⭐),5
Sabayon at EQ,Service was slow despite reservations. (⭐⭐⭐⭐),4
RESTORAN SENTRAL SPICE,Portions were too small for the price. (⭐⭐⭐),3
Bunglow37,Delay spoiled the dining flow. (⭐),1
NADODI,Staff were attentive and explained dishes beautifully. (⭐⭐⭐⭐⭐),5
Fuego at Troika Sky Dining,Staff were attentive and explained dishes beautifully. (⭐⭐⭐⭐⭐),5
Bunglow37,Food arrived quickly and piping hot. (⭐⭐⭐),3
Beta KL,Food arrived quickly and piping hot. (⭐),1
Fuego at Troika Sky Dining,Friendly and welcoming atmosphere. (⭐⭐⭐⭐⭐),5
Bunglow37,Waited too long between courses. (⭐⭐⭐),3
Beta KL,Food arrived quickly and piping hot. (⭐⭐),2
Bunglow37,Food arrived quickly and piping hot. (⭐⭐⭐⭐),4
Beta KL,Delay spoiled the dining flow. (⭐⭐⭐⭐⭐),5
Sabayon at EQ,Service was slow despite reservations. (⭐⭐⭐),3
Beta KL,Delay spoiled the dining flow. (⭐⭐⭐⭐),4
Beta KL,Waited too long between courses. (⭐⭐⭐⭐⭐),5
Bunglow37,Delay spoiled the dining flow. (⭐⭐⭐⭐),4
Bunglow37,Food arrived quickly and piping hot. (⭐),1
Sabayon at EQ,Service was slow despite reservations. (⭐),1
Bijan Bar & Restaurant,Portions were too small for the price. (⭐⭐⭐⭐),4
Fuego at Troika Sky Dining,Service was slow despite reservations. (⭐),1
Bijan Bar & Restaurant,"Authentic flavors, reminded me of home cooking. (⭐)",1
Beta KL,Food arrived quickly and piping hot. (⭐⭐),2
Skillet KL,Delay spoiled the dining flow. (⭐⭐⭐⭐),4
Skillet KL,Waited too long between courses. (⭐⭐⭐),3
"THIRTY8 Restaurant, Bar & Lounge","Authentic flavors, reminded me of home cooking. (⭐⭐)",2
Fuego at Troika Sky Dining,Staff were attentive and explained dishes beautifully. (⭐),1
Bunglow37,Delay spoiled the dining flow. (⭐),1
Bijan Bar & Restaurant,Desserts didn’t live up to the mains. (⭐⭐),2
RESTORAN SENTRAL SPICE,Desserts didn’t live up to the mains. (⭐⭐⭐⭐⭐),5
Beta KL,Waited too long between courses. (⭐),1
Bunglow37,Delay spoiled the dining flow. (⭐⭐⭐),3
Bunglow37,Food arrived quickly and piping hot. (⭐⭐⭐⭐),4
RESTORAN SENTRAL SPICE,"Authentic flavors, reminded me of home cooking. (⭐)",1
Sabayon at EQ,Staff were attentive and explained dishes beautifully. (⭐⭐),2
Skillet KL,Waited too long between courses. (⭐⭐⭐),3
Fuego at Troika Sky Dining,Service was slow despite reservations. (⭐),1
Sabayon at EQ,Service was slow despite reservations. (⭐⭐⭐),3
Fuego at Troika Sky Dining,Staff were attentive and explained dishes beautifully. (⭐⭐⭐),3
NADODI,Staff were attentive and explained dishes beautifully. (⭐⭐),2
Beta KL,Food arrived quickly and piping hot. (⭐⭐⭐⭐⭐),5
Sabayon at EQ,Friendly and welcoming atmosphere. (⭐⭐⭐),3
NADODI,Service was slow despite reservations. (⭐⭐⭐),3
Fuego at Troika Sky Dining,Service was slow despite reservations. (⭐⭐),2
Beta KL,Waited too long between courses. (⭐⭐⭐⭐),4
Bijan Bar & Restaurant,Desserts didn’t live up to the mains. (⭐⭐⭐⭐⭐),5
"PRIME, Le Méridien Kuala Lumpur",Food arrived quickly and piping hot. (⭐⭐⭐⭐),4
Fuego at Troika Sky Dining,Friendly and welcoming atmosphere. (⭐⭐⭐⭐),4
RESTORAN SENTRAL SPICE,"Authentic flavors, reminded me of home cooking. (⭐⭐)",2
RESTORAN SENTRAL SPICE,Desserts didn’t live up to the mains. (⭐⭐),2
Bijan Bar & Restaurant,Desserts didn’t live up to the mains. (⭐),1
Sabayon at EQ,Friendly and welcoming atmosphere. (⭐⭐⭐),3
RESTORAN SENTRAL SPICE,"Authentic flavors, reminded me of home cooking. (⭐⭐⭐⭐)",4
"THIRTY8 Restaurant, Bar & Lounge","Authentic flavors, reminded me of home cooking. (⭐⭐⭐)",3
Sabayon at EQ,Friendly and welcoming atmosphere. (⭐⭐⭐⭐⭐),5
"PRIME, Le Méridien Kuala Lumpur",Food arrived quickly and piping hot. (⭐⭐⭐⭐),4
RESTORAN SENTRAL SPICE,Desserts didn’t live up to the mains. (⭐⭐⭐),3
Bijan Bar & Restaurant,Portions were too small for the price. (⭐),1
NADODI,Service was slow despite reservations. (⭐),1
Fuego at Troika Sky Dining,Friendly and welcoming atmosphere. (⭐),1
RESTORAN SENTRAL SPICE,Desserts didn’t live up to the mains. (⭐⭐⭐⭐),4
Bunglow37,Food arrived quickly and piping hot. (⭐),1
NADODI,Friendly and welcoming atmosphere. (⭐⭐⭐⭐⭐),5
"THIRTY8 Restaurant, Bar & Lounge","Authentic flavors, reminded me of home cooking. (⭐⭐⭐⭐)",4
NADODI,Service was slow despite reservations. (⭐),1
"PRIME, Le Méridien Kuala Lumpur",Waited too long between courses. (⭐),1
NADODI,Friendly and welcoming atmosphere. (⭐⭐),2
Bunglow37,Waited too long between courses. (⭐⭐⭐⭐),4
Beta KL,Waited too long between courses. (⭐⭐⭐⭐⭐),5
NADODI,Staff were attentive and explained dishes beautifully. (⭐⭐⭐),3
Sabayon at EQ,Staff were attentive and explained dishes beautifully. (⭐⭐⭐⭐),4
Sabayon at EQ,Staff were attentive and explained dishes beautifully. (⭐⭐⭐),3
"PRIME, Le Méridien Kuala Lumpur",Waited too long between courses. (⭐⭐⭐⭐),4
Beta KL,Delay spoiled the dining flow. (⭐⭐),2
Skillet KL,Waited too long between courses. (⭐⭐⭐⭐),4
RESTORAN SENTRAL SPICE,"Authentic flavors, reminded me of home cooking. (⭐⭐⭐⭐⭐)",5
"PRIME, Le Méridien Kuala Lumpur",Delay spoiled the dining flow. (⭐⭐⭐),3
Sabayon at EQ,Staff were attentive and explained dishes beautifully. (⭐⭐),2
"PRIME, Le Méridien Kuala Lumpur",Delay spoiled the dining flow. (⭐⭐⭐⭐⭐),5
Bunglow37,Food arrived quickly and piping hot. (⭐⭐⭐),3
Beta KL,Waited too long between courses. (⭐⭐⭐),3
Bijan Bar & Restaurant,Portions were too small for the price. (⭐⭐⭐⭐⭐),5
RESTORAN SENTRAL SPICE,"Authentic flavors, reminded me of home cooking. (⭐⭐⭐⭐)",4
Fuego at Troika Sky Dining,Service was slow despite reservations. (⭐),1
RESTORAN SENTRAL SPICE,"Authentic flavors, reminded me of home cooking. (⭐⭐⭐⭐⭐)",5
RESTORAN SENTRAL SPICE,"Authentic flavors, reminded me of home cooking. (⭐)",1
Bijan Bar & Restaurant,Portions were too small for the price. (⭐⭐⭐),3
Skillet KL,Waited too long between courses. (⭐⭐⭐⭐),4
Beta KL,Food arrived quickly and piping hot. (⭐),1
NADODI,Service was slow despite reservations. (⭐⭐⭐),3
Beta KL,Food arrived quickly and piping hot. (⭐⭐),2
RESTORAN SENTRAL SPICE,Portions were too small for the price. (⭐⭐⭐⭐⭐),5
Bijan Bar & Restaurant,Desserts didn’t live up to the mains. (⭐),1
Bunglow37,Delay spoiled the dining flow. (⭐),1
Sabayon at EQ,Staff were attentive and explained dishes beautifully. (⭐),1
Skillet KL,Food arrived quickly and piping hot. (⭐⭐⭐),3
"THIRTY8 Restaurant, Bar & Lounge",Portions were too small for the price. (⭐⭐⭐⭐⭐),5
RESTORAN SENTRAL SPICE,"Authentic flavors, reminded me of home cooking. (⭐⭐)",2
"PRIME, Le Méridien Kuala Lumpur",Delay spoiled the dining flow. (⭐⭐),2
"PRIME, Le Méridien Kuala Lumpur",Food arrived quickly and piping hot. (⭐⭐⭐⭐),4
Beta KL,Food arrived quickly and piping hot. (⭐⭐⭐⭐⭐),5
Bijan Bar & Restaurant,Portions were too small for the price. (⭐⭐⭐),3
Skillet KL,Food arrived quickly and piping hot. (⭐⭐⭐⭐⭐),5
Beta KL,Waited too long between courses. (⭐⭐⭐),3
Fuego at Troika Sky Dining,Staff were attentive and explained dishes beautifully. (⭐⭐⭐),3
"PRIME, Le Méridien Kuala Lumpur",Food arrived quickly and piping hot. (⭐⭐⭐),3
Bunglow37,Waited too long between courses. (⭐⭐⭐⭐⭐),5
Skillet KL,Waited too long between courses. (⭐⭐⭐⭐⭐),5
NADODI,Service was slow despite reservations. (⭐⭐⭐⭐),4
"THIRTY8 Restaurant, Bar & Lounge",Desserts didn’t live up to the mains. (⭐⭐⭐⭐),4
NADODI,Service was slow despite reservations. (⭐⭐⭐),3
"PRIME, Le Méridien Kuala Lumpur",Delay spoiled the dining flow. (⭐),1
Fuego at Troika Sky Dining,Service was slow despite reservations. (⭐),1
"PRIME, Le Méridien Kuala Lumpur",Food arrived quickly and piping hot. (⭐⭐⭐),3
Sabayon at EQ,Staff were attentive and explained dishes beautifully. (⭐⭐⭐⭐⭐),5
NADODI,Friendly and welcoming atmosphere. (⭐⭐⭐),3
Beta KL,Waited too long between courses. (⭐⭐⭐⭐⭐),5
RESTORAN SENTRAL SPICE,Portions were too small for the price. (⭐⭐⭐⭐⭐),5
"PRIME, Le Méridien Kuala Lumpur",Waited too long between courses. (⭐⭐⭐⭐),4
"THIRTY8 Restaurant, Bar & Lounge","Authentic flavors, reminded me of home cooking. (⭐)",1
"THIRTY8 Restaurant, Bar & Lounge",Portions were too small for the price. (⭐⭐⭐⭐⭐),5
Beta KL,Food arrived quickly and piping hot. (⭐⭐⭐⭐⭐),5
Bijan Bar & Restaurant,Portions were too small for the price. (⭐⭐⭐⭐⭐),5
"THIRTY8 Restaurant, Bar & Lounge",Portions were too small for the price. (⭐⭐⭐⭐⭐),5
"PRIME, Le Méridien Kuala Lumpur",Waited too long between courses. (⭐),1
RESTORAN SENTRAL SPICE,Desserts didn’t live up to the mains. (⭐),1
"PRIME, Le Méridien Kuala Lumpur",Food arrived quickly and piping hot. (⭐⭐⭐),3
Sabayon at EQ,Friendly and welcoming atmosphere. (⭐),1
NADODI,Friendly and welcoming atmosphere. (⭐⭐⭐⭐⭐),5
RESTORAN SENTRAL SPICE,Desserts didn’t live up to the mains. (⭐⭐),2
Skillet KL,Waited too long between courses. (⭐⭐),2
NADODI,Friendly and welcoming atmosphere. (⭐⭐⭐⭐⭐),5
Skillet KL,Delay spoiled the dining flow. (⭐⭐⭐⭐),4
Bunglow37,Waited too long between courses. (⭐⭐⭐),3
Fuego at Troika Sky Dining,Service was slow despite reservations. (⭐⭐⭐⭐⭐),5
Bijan Bar & Restaurant,"Authentic flavors, reminded me of home cooking. (⭐⭐⭐⭐)",4
Fuego at Troika Sky Dining,Staff were attentive and explained dishes beautifully. (⭐⭐⭐⭐),4
"THIRTY8 Restaurant, Bar & Lounge",Portions were too small for the price. (⭐⭐),2
"THIRTY8 Restaurant, Bar & Lounge",Desserts didn’t live up to the mains. (⭐⭐⭐),3
Bijan Bar & Restaurant,Portions were too small for the price. (⭐⭐⭐⭐),4
"THIRTY8 Restaurant, Bar & Lounge","Authentic flavors, reminded me of home cooking. (⭐)",1
Bunglow37,Delay spoiled the dining flow. (⭐⭐⭐),3
Fuego at Troika Sky Dining,Friendly and welcoming atmosphere. (⭐⭐⭐),3
RESTORAN SENTRAL SPICE,Desserts didn’t live up to the mains. (⭐⭐⭐),3
Sabayon at EQ,Friendly and welcoming atmosphere. (⭐⭐⭐),3
Fuego at Troika Sky Dining,Service was slow despite reservations. (⭐⭐⭐⭐⭐),5
"PRIME, Le Méridien Kuala Lumpur",Food arrived quickly and piping hot. (⭐⭐⭐⭐⭐),5
RESTORAN SENTRAL SPICE,"Authentic flavors, reminded me of home cooking. (⭐)",1
Beta KL,Food arrived quickly and piping hot. (⭐⭐⭐⭐),4
Bijan Bar & Restaurant,"Authentic flavors, reminded me of home cooking. (⭐⭐⭐⭐⭐)",5
Beta KL,Food arrived quickly and piping hot. (⭐⭐⭐⭐⭐),5
Beta KL,Delay spoiled the dining flow. (⭐⭐),2
"THIRTY8 Restaurant, Bar & Lounge",Portions were too small for the price. (⭐⭐⭐⭐⭐),5
Skillet KL,Delay spoiled the dining flow. (⭐⭐⭐⭐⭐),5
Bunglow37,Food arrived quickly and piping hot. (⭐⭐⭐⭐),4
Skillet KL,Food arrived quickly and piping hot. (⭐⭐⭐⭐),4
Bunglow37,Delay spoiled the dining flow. (⭐),1
"THIRTY8 Restaurant, Bar & Lounge","Authentic flavors, reminded me of home cooking. (⭐⭐⭐)",3
RESTORAN SENTRAL SPICE,"Authentic flavors, reminded me of home cooking. (⭐⭐⭐)",3
Bunglow37,Delay spoiled the dining flow. (⭐),1
Skillet KL,Food arrived quickly and piping hot. (⭐),1
Sabayon at EQ,Service was slow despite reservations. (⭐⭐⭐⭐),4
NADODI,Service was slow despite reservations. (⭐⭐⭐),3
"PRIME, Le Méridien Kuala Lumpur",Delay spoiled the dining flow. (⭐⭐⭐),3
Beta KL,Waited too long between courses. (⭐),1
NADODI,Service was slow despite reservations. (⭐⭐⭐⭐⭐),5
Bunglow37,Food arrived quickly and piping hot. (⭐⭐⭐),3
Beta KL,Waited too long between courses. (⭐⭐⭐⭐⭐),5
NADODI,Friendly and welcoming atmosphere. (⭐⭐),2
Sabayon at EQ,Friendly and welcoming atmosphere. (⭐⭐),2
RESTORAN SENTRAL SPICE,Portions were too small for the price. (⭐⭐⭐⭐),4
Skillet KL,Waited too long between courses. (⭐),1
Skillet KL,Waited too long between courses. (⭐⭐⭐⭐),4
Beta KL,Waited too long between courses. (⭐⭐⭐⭐),4
"THIRTY8 Restaurant, Bar & Lounge",Portions were too small for the price. (⭐⭐),2
Bijan Bar & Restaurant,Portions were too small for the price. (⭐⭐),2
"PRIME, Le Méridien Kuala Lumpur",Food arrived quickly and piping hot. (⭐⭐⭐),3
Skillet KL,Waited too long between courses. (⭐⭐⭐),3
NADODI,Friendly and welcoming atmosphere. (⭐),1
RESTORAN SENTRAL SPICE,Portions were too small for the price. (⭐⭐⭐⭐),4
Fuego at Troika Sky Dining,Staff were attentive and explained dishes beautifully. (⭐⭐⭐⭐),4
Bijan Bar & Restaurant,Desserts didn’t live up to the mains. (⭐⭐),2
"PRIME, Le Méridien Kuala Lumpur",Delay spoiled the dining flow. (⭐⭐⭐),3
Skillet KL,Delay spoiled the dining flow. (⭐⭐⭐⭐⭐),5
Bunglow37,Food arrived quickly and piping hot. (⭐),1
Sabayon at EQ,Friendly and welcoming atmosphere. (⭐⭐),2
Bunglow37,Food arrived quickly and piping hot. (⭐⭐⭐),3
Beta KL,Waited too long between courses. (⭐⭐⭐⭐),4
Skillet KL,Delay spoiled the dining flow. (⭐⭐⭐⭐),4
"THIRTY8 Restaurant, Bar & Lounge","Authentic flavors, reminded me of home cooking. (⭐⭐⭐⭐)",4
"PRIME, Le Méridien Kuala Lumpur",Food arrived quickly and piping hot. (⭐⭐⭐⭐),4
"PRIME, Le Méridien Kuala Lumpur",Delay spoiled the dining flow. (⭐),1
RESTORAN SENTRAL SPICE,Portions were too small for the price. (⭐),1
Bunglow37,Food arrived quickly and piping hot. (⭐⭐⭐⭐),4
Fuego at Troika Sky Dining,Friendly and welcoming atmosphere. (⭐⭐⭐),3
NADODI,Service was slow despite reservations. (⭐⭐⭐),3
Bunglow37,Food arrived quickly and piping hot. (⭐⭐⭐⭐),4
"PRIME, Le Méridien Kuala Lumpur",Food arrived quickly and piping hot. (⭐⭐⭐⭐),4
NADODI,Service was slow despite reservations. (⭐⭐⭐⭐⭐),5
NADODI,Friendly and welcoming atmosphere. (⭐⭐⭐⭐),4
RESTORAN SENTRAL SPICE,Desserts didn’t live up to the mains. (⭐),1
"THIRTY8 Restaurant, Bar & Lounge",Portions were too small for the price. (⭐⭐⭐),3
Fuego at Troika Sky Dining,Service was slow despite reservations. (⭐⭐⭐⭐⭐),5
Bijan Bar & Restaurant,Portions were too small for the price. (⭐⭐⭐),3
Sabayon at EQ,Staff were attentive and explained dishes beautifully. (⭐⭐⭐⭐),4
Sabayon at EQ,Staff were attentive and explained dishes beautifully. (⭐⭐⭐),3
"PRIME, Le Méridien Kuala Lumpur",Delay spoiled the dining flow. (⭐),1
"PRIME, Le Méridien Kuala Lumpur",Delay spoiled the dining flow. (⭐),1
Fuego at Troika Sky Dining,Service was slow despite reservations. (⭐),1
Fuego at Troika Sky Dining,Staff were attentive and explained dishes beautifully. (⭐⭐⭐),3
"PRIME, Le Méridien Kuala Lumpur",Delay spoiled the dining flow. (⭐⭐⭐⭐),4
Bijan Bar & Restaurant,Portions were too small for the price. (⭐),1
Sabayon at EQ,Staff were attentive and explained dishes beautifully. (⭐⭐⭐⭐),4
"THIRTY8 Restaurant, Bar & Lounge",Portions were too small for the price. (⭐⭐⭐),3
NADODI,Service was slow despite reservations. (⭐),1
Beta KL,Waited too long between courses. (⭐⭐⭐⭐⭐),5
Bunglow37,Delay spoiled the dining flow. (⭐⭐⭐⭐⭐),5
Fuego at Troika Sky Dining,Service was slow despite reservations. (⭐⭐⭐⭐⭐),5
Bijan Bar & Restaurant,"Authentic flavors, reminded me of home cooking. (⭐⭐⭐)",3
NADODI,Friendly and welcoming atmosphere. (⭐),1
Bunglow37,Food arrived quickly and piping hot. (⭐⭐),2
Fuego at Troika Sky Dining,Staff were attentive and explained dishes beautifully. (⭐⭐),2
Bijan Bar & Restaurant,Portions were too small for the price. (⭐⭐),2
"PRIME, Le Méridien Kuala Lumpur",Delay spoiled the dining flow. (⭐⭐⭐),3
Fuego at Troika Sky Dining,Staff were attentive and explained dishes beautifully. (⭐⭐⭐⭐),4
"THIRTY8 Restaurant, Bar & Lounge",Portions were too small for the price. (⭐),1
Bijan Bar & Restaurant,Portions were too small for the price. (⭐⭐),2
Fuego at Troika Sky Dining,Staff were attentive and explained dishes beautifully. (⭐⭐),2
RESTORAN SENTRAL SPICE,"Authentic flavors, reminded me of home cooking. (⭐⭐)",2
NADODI,Staff were attentive and explained dishes beautifully. (⭐⭐⭐⭐⭐),5
Bunglow37,Food arrived quickly and piping hot. (⭐⭐⭐),3
Bunglow37,Waited too long between courses. (⭐⭐⭐⭐⭐),5
"PRIME, Le Méridien Kuala Lumpur",Food arrived quickly and piping hot. (⭐⭐⭐⭐),4
Skillet KL,Waited too long between courses. (⭐⭐⭐⭐),4
Skillet KL,Delay spoiled the dining flow. (⭐),1
Sabayon at EQ,Friendly and welcoming atmosphere. (⭐⭐⭐⭐⭐),5
RESTORAN SENTRAL SPICE,Desserts didn’t live up to the mains. (⭐⭐),2
Sabayon at EQ,Staff were attentive and explained dishes beautifully. (⭐⭐⭐),3
Fuego at Troika Sky Dining,Staff were attentive and explained dishes beautifully. (⭐⭐⭐),3
NADODI,Staff were attentive and explained dishes beautifully. (⭐⭐⭐⭐),4
Skillet KL,Delay spoiled the dining flow. (⭐⭐⭐⭐),4
RESTORAN SENTRAL SPICE,Desserts didn’t live up to the mains. (⭐),1
Fuego at Troika Sky Dining,Service was slow despite reservations. (⭐⭐),2
Bunglow37,Waited too long between courses. (⭐⭐⭐⭐⭐),5
"THIRTY8 Restaurant, Bar & Lounge",Portions were too small for the price. (⭐⭐⭐⭐⭐),5
Fuego at Troika Sky Dining,Staff were attentive and explained dishes beautifully. (⭐⭐⭐),3
"PRIME, Le Méridien Kuala Lumpur",Food arrived quickly and piping hot. (⭐⭐⭐⭐⭐),5
Sabayon at EQ,Service was slow despite reservations. (⭐⭐⭐⭐⭐),5
Sabayon at EQ,Service was slow despite reservations. (⭐⭐⭐),3
NADODI,Service was slow despite reservations. (⭐⭐),2
"PRIME, Le Méridien Kuala Lumpur",Waited too long between courses. (⭐),1
Beta KL,Delay spoiled the dining flow. (⭐⭐),2
Bunglow37,Delay spoiled the dining flow. (⭐⭐⭐⭐⭐),5
Bunglow37,Food arrived quickly and piping hot. (⭐⭐⭐),3
Fuego at Troika Sky Dining,Service was slow despite reservations. (⭐⭐⭐),3
Bijan Bar & Restaurant,Desserts didn’t live up to the mains. (⭐⭐⭐⭐⭐),5
RESTORAN SENTRAL SPICE,"Authentic flavors, reminded me of home cooking. (⭐⭐⭐)",3
Bunglow37,Food arrived quickly and piping hot. (⭐⭐),2
"PRIME, Le Méridien Kuala Lumpur",Food arrived quickly and piping hot. (⭐⭐),2
Bijan Bar & Restaurant,Desserts didn’t live up to the mains. (⭐⭐),2
Bunglow37,Food arrived quickly and piping hot. (⭐⭐),2
Bijan Bar & Restaurant,"Authentic flavors, reminded me of home cooking. (⭐⭐⭐)",3
Sabayon at EQ,Friendly and welcoming atmosphere. (⭐⭐),2
"THIRTY8 Restaurant, Bar & Lounge",Desserts didn’t live up to the mains. (⭐⭐⭐),3
RESTORAN SENTRAL SPICE,"Authentic flavors, reminded me of home cooking. (⭐⭐)",2
Bunglow37,Waited too long between courses. (⭐⭐⭐⭐),4
Skillet KL,Delay spoiled the dining flow. (⭐),1
Bijan Bar & Restaurant,Desserts didn’t live up to the mains. (⭐⭐⭐),3
Bijan Bar & Restaurant,Desserts didn’t live up to the mains. (⭐⭐⭐),3
Fuego at Troika Sky Dining,Friendly and welcoming atmosphere. (⭐⭐⭐⭐⭐),5
Skillet KL,Waited too long between courses. (⭐),1
Skillet KL,Food arrived quickly and piping hot. (⭐⭐⭐⭐⭐),5
NADODI,Staff were attentive and explained dishes beautifully. (⭐⭐),2
"THIRTY8 Restaurant, Bar & Lounge","Authentic flavors, reminded me of home cooking. (⭐⭐)",2
"PRIME, Le Méridien Kuala Lumpur",Waited too long between courses. (⭐),1
Bijan Bar & Restaurant,"Authentic flavors, reminded me of home cooking. (⭐)",1
"PRIME, Le Méridien Kuala Lumpur",Food arrived quickly and piping hot. (⭐),1
Beta KL,Delay spoiled the dining flow. (⭐⭐⭐⭐),4
Skillet KL,Waited too long between courses. (⭐),1
Skillet KL,Delay spoiled the dining flow. (⭐⭐),2
RESTORAN SENTRAL SPICE,Desserts didn’t live up to the mains. (⭐⭐⭐⭐),4
Bijan Bar & Restaurant,Portions were too small for the price. (⭐),1
Sabayon at EQ,Service was slow despite reservations. (⭐⭐⭐⭐),4
Sabayon at EQ,Staff were attentive and explained dishes beautifully. (⭐),1
Sabayon at EQ,Staff were attentive and explained dishes beautifully. (⭐⭐),2
RESTORAN SENTRAL SPICE,Desserts didn’t live up to the mains. (⭐),1
RESTORAN SENTRAL SPICE,Portions were too small for the price. (⭐⭐),2
Beta KL,Waited too long between courses. (⭐⭐⭐⭐⭐),5
"PRIME, Le Méridien Kuala Lumpur",Food arrived quickly and piping hot. (⭐⭐⭐⭐),4
RESTORAN SENTRAL SPICE,Desserts didn’t live up to the mains. (⭐⭐⭐),3
"PRIME, Le Méridien Kuala Lumpur",Food arrived quickly and piping hot. (⭐⭐),2
"PRIME, Le Méridien Kuala Lumpur",Food arrived quickly and piping hot. (⭐⭐⭐⭐),4
"PRIME, Le Méridien Kuala Lumpur",Delay spoiled the dining flow. (⭐),1
"THIRTY8 Restaurant, Bar & Lounge",Desserts didn’t live up to the mains. (⭐⭐⭐⭐),4
"THIRTY8 Restaurant, Bar & Lounge",Portions were too small for the price. (⭐),1
RESTORAN SENTRAL SPICE,"Authentic flavors, reminded me of home cooking. (⭐⭐⭐)",3
RESTORAN SENTRAL SPICE,Desserts didn’t live up to the mains. (⭐⭐),2
Skillet KL,Delay spoiled the dining flow. (⭐⭐⭐⭐),4
Sabayon at EQ,Friendly and welcoming atmosphere. (⭐⭐⭐⭐⭐),5
Bijan Bar & Restaurant,"Authentic flavors, reminded me of home cooking. (⭐)",1
Fuego at Troika Sky Dining,Staff were attentive and explained dishes beautifully. (⭐),1
"THIRTY8 Restaurant, Bar & Lounge",Desserts didn’t live up to the mains. (⭐⭐⭐⭐),4
Sabayon at EQ,Friendly and welcoming atmosphere. (⭐),1
Bijan Bar & Restaurant,Desserts didn’t live up to the mains. (⭐⭐),2
Fuego at Troika Sky Dining,Friendly and welcoming atmosphere. (⭐⭐⭐),3
NADODI,Friendly and welcoming atmosphere. (⭐⭐),2
"THIRTY8 Restaurant, Bar & Lounge",Desserts didn’t live up to the mains. (⭐⭐⭐⭐),4
Skillet KL,Food arrived quickly and piping hot. (⭐⭐⭐),3
Beta KL,Waited too long between courses. (⭐⭐⭐⭐),4
Sabayon at EQ,Staff were attentive and explained dishes beautifully. (⭐⭐),2
"PRIME, Le Méridien Kuala Lumpur",Food arrived quickly and piping hot. (⭐⭐⭐⭐),4
"PRIME, Le Méridien Kuala Lumpur",Food arrived quickly and piping hot. (⭐⭐⭐),3
Sabayon at EQ,Staff were attentive and explained dishes beautifully. (⭐⭐⭐),3
Fuego at Troika Sky Dining,Friendly and welcoming atmosphere. (⭐⭐⭐⭐⭐),5
Skillet KL,Food arrived quickly and piping hot. (⭐⭐⭐⭐),4
Beta KL,Food arrived quickly and piping hot. (⭐⭐⭐⭐⭐),5
Skillet KL,Food arrived quickly and piping hot. (⭐⭐⭐⭐⭐),5
Fuego at Troika Sky Dining,Staff were attentive and explained dishes beautifully. (⭐),1
NADODI,Service was slow despite reservations. (⭐),1
"THIRTY8 Restaurant, Bar & Lounge",Portions were too small for the price. (⭐⭐⭐⭐⭐),5
NADODI,Friendly and welcoming atmosphere. (⭐),1
"PRIME, Le Méridien Kuala Lumpur",Delay spoiled the dining flow. (⭐⭐⭐⭐),4
"PRIME, Le Méridien Kuala Lumpur",Delay spoiled the dining flow. (⭐⭐⭐),3
Bijan Bar & Restaurant,Desserts didn’t live up to the mains. (⭐⭐⭐⭐),4
"THIRTY8 Restaurant, Bar & Lounge",Portions were too small for the price. (⭐⭐⭐⭐⭐),5
NADODI,Staff were attentive and explained dishes beautifully. (⭐),1
Fuego at Troika Sky Dining,Service was slow despite reservations. (⭐⭐⭐⭐⭐),5
Bijan Bar & Restaurant,Desserts didn’t live up to the mains. (⭐⭐⭐⭐⭐),5
"PRIME, Le Méridien Kuala Lumpur",Delay spoiled the dining flow. (⭐⭐⭐),3
"PRIME, Le Méridien Kuala Lumpur",Food arrived quickly and piping hot. (⭐),1
Bunglow37,Waited too long between courses. (⭐⭐⭐),3
Skillet KL,Delay spoiled the dining flow. (⭐⭐⭐),3
Sabayon at EQ,Service was slow despite reservations. (⭐⭐⭐⭐),4
Sabayon at EQ,Staff were attentive and explained dishes beautifully. (⭐⭐⭐⭐),4
Beta KL,Delay spoiled the dining flow. (⭐⭐),2
"PRIME, Le Méridien Kuala Lumpur",Delay spoiled the dining flow. (⭐⭐⭐⭐),4
NADODI,Staff were attentive and explained dishes beautifully. (⭐),1
"THIRTY8 Restaurant, Bar & Lounge",Portions were too small for the price. (⭐⭐⭐⭐),4
Bunglow37,Waited too long between courses. (⭐⭐⭐⭐⭐),5
"PRIME, Le Méridien Kuala Lumpur",Food arrived quickly and piping hot. (⭐⭐⭐⭐),4
Fuego at Troika Sky Dining,Service was slow despite reservations. (⭐⭐⭐⭐),4
Bunglow37,Delay spoiled the dining flow. (⭐⭐),2
Fuego at Troika Sky Dining,Staff were attentive and explained dishes beautifully. (⭐⭐⭐),3
Sabayon at EQ,Service was slow despite reservations. (⭐),1
Bunglow37,Food arrived quickly and piping hot. (⭐⭐),2
Bijan Bar & Restaurant,"Authentic flavors, reminded me of home cooking. (⭐⭐⭐⭐⭐)",5
Fuego at Troika Sky Dining,Friendly and welcoming atmosphere. (⭐⭐⭐⭐⭐),5
Beta KL,Waited too long between courses. (⭐⭐),2
NADODI,Staff were attentive and explained dishes beautifully. (⭐⭐⭐),3
Bunglow37,Waited too long between courses. (⭐⭐⭐),3
"PRIME, Le Méridien Kuala Lumpur",Food arrived quickly and piping hot. (⭐⭐⭐),3
Fuego at Troika Sky Dining,Service was slow despite reservations. (⭐⭐),2
Bunglow37,Food arrived quickly and piping hot. (⭐⭐⭐),3
Bijan Bar & Restaurant,"Authentic flavors, reminded me of home cooking. (⭐⭐⭐⭐)",4
Beta KL,Waited too long between courses. (⭐⭐⭐⭐),4
Fuego at Troika Sky Dining,Service was slow despite reservations. (⭐⭐),2
Fuego at Troika Sky Dining,Service was slow despite reservations. (⭐⭐⭐⭐),4
Sabayon at EQ,Service was slow despite reservations. (⭐⭐⭐⭐⭐),5
"PRIME, Le Méridien Kuala Lumpur",Food arrived quickly and piping hot. (⭐⭐⭐⭐⭐),5
Fuego at Troika Sky Dining,Friendly and welcoming atmosphere. (⭐),1
Beta KL,Waited too long between courses. (⭐⭐⭐⭐⭐),5
"PRIME, Le Méridien Kuala Lumpur",Food arrived quickly and piping hot. (⭐⭐),2
Sabayon at EQ,Staff were attentive and explained dishes beautifully. (⭐⭐⭐),3
"THIRTY8 Restaurant, Bar & Lounge","Authentic flavors, reminded me of home cooking. (⭐⭐⭐⭐)",4
Fuego at Troika Sky Dining,Service was slow despite reservations. (⭐⭐),2
Beta KL,Food arrived quickly and piping hot. (⭐⭐⭐),3
Sabayon at EQ,Staff were attentive and explained dishes beautifully. (⭐⭐⭐⭐⭐),5
RESTORAN SENTRAL SPICE,Desserts didn’t live up to the mains. (⭐⭐⭐),3
RESTORAN SENTRAL SPICE,"Authentic flavors, reminded me of home cooking. (⭐⭐⭐)",3
Skillet KL,Delay spoiled the dining flow. (⭐⭐),2
Bijan Bar & Restaurant,Desserts didn’t live up to the mains. (⭐),1
Skillet KL,Delay spoiled the dining flow. (⭐⭐),2
"PRIME, Le Méridien Kuala Lumpur",Waited too long between courses. (⭐⭐⭐⭐⭐),5
"PRIME, Le Méridien Kuala Lumpur",Waited too long between courses. (⭐⭐⭐⭐),4
Bijan Bar & Restaurant,"Authentic flavors, reminded me of home cooking. (⭐⭐⭐⭐⭐)",5
Beta KL,Delay spoiled the dining flow. (⭐⭐⭐⭐⭐),5
Bijan Bar & Restaurant,"Authentic flavors, reminded me of home cooking. (⭐⭐⭐)",3
Bijan Bar & Restaurant,Portions were too small for the price. (⭐⭐⭐⭐),4
Bijan Bar & Restaurant,Desserts didn’t live up to the mains. (⭐⭐⭐⭐⭐),5
NADODI,Service was slow despite reservations. (⭐⭐),2
NADODI,Staff were attentive and explained dishes beautifully. (⭐),1
"PRIME, Le Méridien Kuala Lumpur",Food arrived quickly and piping hot. (⭐⭐⭐),3
"THIRTY8 Restaurant, Bar & Lounge","Authentic flavors, reminded me of home cooking. (⭐⭐⭐⭐⭐)",5
Sabayon at EQ,Staff were attentive and explained dishes beautifully. (⭐⭐⭐),3
"THIRTY8 Restaurant, Bar & Lounge","Authentic flavors, reminded me of home cooking. (⭐⭐⭐⭐⭐)",5
Bijan Bar & Restaurant,Desserts didn’t live up to the mains. (⭐⭐⭐⭐),4
NADODI,Staff were attentive and explained dishes beautifully. (⭐⭐⭐⭐),4
Beta KL,Food arrived quickly and piping hot. (⭐⭐⭐⭐),4
Skillet KL,Waited too long between courses. (⭐),1
Skillet KL,Delay spoiled the dining flow. (⭐),1
Beta KL,Waited too long between courses. (⭐⭐⭐⭐),4
"PRIME, Le Méridien Kuala Lumpur",Food arrived quickly and piping hot. (⭐⭐),2
"THIRTY8 Restaurant, Bar & Lounge","Authentic flavors, reminded me of home cooking. (⭐)",1
Skillet KL,Waited too long between courses. (⭐),1
Fuego at Troika Sky Dining,Service was slow despite reservations. (⭐⭐),2
Beta KL,Food arrived quickly and piping hot. (⭐⭐⭐⭐⭐),5
"PRIME, Le Méridien Kuala Lumpur",Delay spoiled the dining flow. (⭐⭐),2
Skillet KL,Food arrived quickly and piping hot. (⭐),1
Beta KL,Delay spoiled the dining flow. (⭐⭐),2
Fuego at Troika Sky Dining,Friendly and welcoming atmosphere. (⭐⭐⭐),3
"THIRTY8 Restaurant, Bar & Lounge",Portions were too small for the price. (⭐⭐⭐),3
Skillet KL,Delay spoiled the dining flow. (⭐⭐),2
Bunglow37,Food arrived quickly and piping hot. (⭐⭐),2
NADODI,Friendly and welcoming atmosphere. (⭐⭐),2
Skillet KL,Food arrived quickly and piping hot. (⭐⭐),2
Sabayon at EQ,Staff were attentive and explained dishes beautifully. (⭐⭐⭐),3
"PRIME, Le Méridien Kuala Lumpur",Delay spoiled the dining flow. (⭐⭐⭐⭐⭐),5
"THIRTY8 Restaurant, Bar & Lounge",Desserts didn’t live up to the mains. (⭐),1
NADODI,Service was slow despite reservations. (⭐⭐⭐),3
NADODI,Staff were attentive and explained dishes beautifully. (⭐⭐⭐⭐),4
Fuego at Troika Sky Dining,Friendly and welcoming atmosphere. (⭐),1
Bijan Bar & Restaurant,Desserts didn’t live up to the mains. (⭐⭐⭐),3
Skillet KL,Waited too long between courses. (⭐⭐),2
RESTORAN SENTRAL SPICE,Portions were too small for the price. (⭐⭐),2
Fuego at Troika Sky Dining,Service was slow despite reservations. (⭐⭐),2
"PRIME, Le Méridien Kuala Lumpur",Waited too long between courses. (⭐⭐⭐),3
Bunglow37,Waited too long between courses. (⭐),1
Sabayon at EQ,Service was slow despite reservations. (⭐⭐),2
Beta KL,Food arrived quickly and piping hot. (⭐),1
Fuego at Troika Sky Dining,Service was slow despite reservations. (⭐⭐⭐⭐),4
NADODI,Service was slow despite reservations. (⭐⭐⭐),3
Bijan Bar & Restaurant,Portions were too small for the price. (⭐⭐),2
Sabayon at EQ,Staff were attentive and explained dishes beautifully. (⭐),1
"PRIME, Le Méridien Kuala Lumpur",Food arrived quickly and piping hot. (⭐⭐⭐⭐⭐),5
"PRIME, Le Méridien Kuala Lumpur",Food arrived quickly and piping hot. (⭐⭐⭐⭐),4
"PRIME, Le Méridien Kuala Lumpur",Waited too long between courses. (⭐⭐⭐),3
Fuego at Troika Sky Dining,Staff were attentive and explained dishes beautifully. (⭐⭐),2
Skillet KL,Delay spoiled the dining flow. (⭐⭐⭐),3
NADODI,Staff were attentive and explained dishes beautifully. (⭐⭐⭐⭐⭐),5
Skillet KL,Delay spoiled the dining flow. (⭐⭐⭐),3
Skillet KL,Delay spoiled the dining flow. (⭐⭐⭐⭐),4
Beta KL,Delay spoiled the dining flow. (⭐⭐⭐),3
"THIRTY8 Restaurant, Bar & Lounge","Authentic flavors, reminded me of home cooking. (⭐⭐)",2
"THIRTY8 Restaurant, Bar & Lounge",Portions were too small for the price. (⭐⭐⭐⭐),4
RESTORAN SENTRAL SPICE,"Authentic flavors, reminded me of home cooking. (⭐⭐⭐⭐)",4
Bunglow37,Waited too long between courses. (⭐⭐),2
Bunglow37,Delay spoiled the dining flow. (⭐⭐),2
Beta KL,Waited too long between courses. (⭐⭐⭐⭐),4
Bijan Bar & Restaurant,"Authentic flavors, reminded me of home cooking. (⭐⭐)",2
Fuego at Troika Sky Dining,Friendly and welcoming atmosphere. (⭐⭐⭐⭐),4
Bijan Bar & Restaurant,Portions were too small for the price. (⭐),1
Bunglow37,Waited too long between courses. (⭐),1
NADODI,Friendly and welcoming atmosphere. (⭐⭐⭐⭐⭐),5
Skillet KL,Food arrived quickly and piping hot. (⭐⭐),2
Beta KL,Delay spoiled the dining flow. (⭐),1
"THIRTY8 Restaurant, Bar & Lounge",Portions were too small for the price. (⭐⭐⭐⭐),4
NADODI,Friendly and welcoming atmosphere. (⭐⭐),2
Bijan Bar & Restaurant,"Authentic flavors, reminded me of home cooking. (⭐⭐⭐⭐⭐)",5
Beta KL,Delay spoiled the dining flow. (⭐),1
Skillet KL,Delay spoiled the dining flow. (⭐),1
Bunglow37,Waited too long between courses. (⭐⭐⭐),3
Bunglow37,Food arrived quickly and piping hot. (⭐⭐⭐⭐),4
Sabayon at EQ,Staff were attentive and explained dishes beautifully. (⭐⭐⭐),3
Fuego at Troika Sky Dining,Service was slow despite reservations. (⭐⭐⭐⭐⭐),5
Sabayon at EQ,Friendly and welcoming atmosphere. (⭐⭐⭐),3
Bijan Bar & Restaurant,Portions were too small for the price. (⭐⭐⭐⭐),4
"THIRTY8 Restaurant, Bar & Lounge",Desserts didn’t live up to the mains. (⭐),1
Skillet KL,Delay spoiled the dining flow. (⭐⭐⭐⭐⭐),5
Bunglow37,Delay spoiled the dining flow. (⭐⭐⭐⭐⭐),5
Skillet KL,Delay spoiled the dining flow. (⭐⭐),2
Bijan Bar & Restaurant,"Authentic flavors, reminded me of home cooking. (⭐⭐⭐⭐)",4
NADODI,Staff were attentive and explained dishes beautifully. (⭐),1
Bunglow37,Waited too long between courses. (⭐⭐⭐),3
RESTORAN SENTRAL SPICE,Desserts didn’t live up to the mains. (⭐⭐),2
Sabayon at EQ,Staff were attentive and explained dishes beautifully. (⭐),1
Bunglow37,Food arrived quickly and piping hot. (⭐⭐⭐),3
Fuego at Troika Sky Dining,Friendly and welcoming atmosphere. (⭐⭐),2
NADODI,Friendly and welcoming atmosphere. (⭐⭐⭐),3
Fuego at Troika Sky Dining,Service was slow despite reservations. (⭐⭐),2
RESTORAN SENTRAL SPICE,Desserts didn’t live up to the mains. (⭐),1
Fuego at Troika Sky Dining,Service was slow despite reservations. (⭐⭐),2
"THIRTY8 Restaurant, Bar & Lounge",Desserts didn’t live up to the mains. (⭐⭐⭐),3
Fuego at Troika Sky Dining,Friendly and welcoming atmosphere. (⭐⭐⭐⭐⭐),5
Skillet KL,Waited too long between courses. (⭐⭐),2
"THIRTY8 Restaurant, Bar & Lounge",Desserts didn’t live up to the mains. (⭐⭐⭐),3
Bijan Bar & Restaurant,"Authentic flavors, reminded me of home cooking. (⭐⭐)",2
NADODI,Service was slow despite reservations. (⭐⭐⭐),3
Bijan Bar & Restaurant,"Authentic flavors, reminded me of home cooking. (⭐⭐⭐⭐⭐)",5
"PRIME, Le Méridien Kuala Lumpur",Delay spoiled the dining flow. (⭐⭐⭐⭐⭐),5
"PRIME, Le Méridien Kuala Lumpur",Delay spoiled the dining flow. (⭐⭐⭐⭐),4
Fuego at Troika Sky Dining,Friendly and welcoming atmosphere. (⭐),1
Sabayon at EQ,Friendly and welcoming atmosphere. (⭐),1
Bunglow37,Waited too long between courses. (⭐⭐),2
Sabayon at EQ,Friendly and welcoming atmosphere. (⭐⭐),2
"PRIME, Le Méridien Kuala Lumpur",Delay spoiled the dining flow. (⭐⭐⭐⭐),4
RESTORAN SENTRAL SPICE,Desserts didn’t live up to the mains. (⭐⭐⭐),3
Bijan Bar & Restaurant,Desserts didn’t live up to the mains. (⭐⭐⭐),3
NADODI,Staff were attentive and explained dishes beautifully. (⭐⭐⭐⭐⭐),5
"PRIME, Le Méridien Kuala Lumpur",Delay spoiled the dining flow. (⭐⭐⭐⭐⭐),5
"PRIME, Le Méridien Kuala Lumpur",Delay spoiled the dining flow. (⭐⭐⭐),3
"PRIME, Le Méridien Kuala Lumpur",Waited too long between courses. (⭐⭐⭐⭐),4
Bijan Bar & Restaurant,"Authentic flavors, reminded me of home cooking. (⭐⭐⭐)",3
NADODI,Staff were attentive and explained dishes beautifully. (⭐⭐),2
"THIRTY8 Restaurant, Bar & Lounge",Desserts didn’t live up to the mains. (⭐),1
Bijan Bar & Restaurant,Desserts didn’t live up to the mains. (⭐⭐⭐⭐⭐),5
NADODI,Friendly and welcoming atmosphere. (⭐⭐⭐⭐),4
NADODI,Service was slow despite reservations. (⭐⭐),2
RESTORAN SENTRAL SPICE,Portions were too small for the price. (⭐⭐⭐⭐),4
Beta KL,Food arrived quickly and piping hot. (⭐⭐⭐⭐),4
Sabayon at EQ,Friendly and welcoming atmosphere. (⭐⭐),2
NADODI,Service was slow despite reservations. (⭐⭐⭐⭐),4
"THIRTY8 Restaurant, Bar & Lounge",Desserts didn’t live up to the mains. (⭐⭐⭐),3
Fuego at Troika Sky Dining,Service was slow despite reservations. (⭐⭐⭐⭐⭐),5
NADODI,Staff were attentive and explained dishes beautifully. (⭐),1
"THIRTY8 Restaurant, Bar & Lounge","Authentic flavors, reminded me of home cooking. (⭐⭐⭐⭐⭐)",5
"THIRTY8 Restaurant, Bar & Lounge",Portions were too small for the price. (⭐⭐),2
"PRIME, Le Méridien Kuala Lumpur",Waited too long between courses. (⭐),1
Sabayon at EQ,Friendly and welcoming atmosphere. (⭐⭐⭐⭐⭐),5
RESTORAN SENTRAL SPICE,Desserts didn’t live up to the mains. (⭐),1
NADODI,Service was slow despite reservations. (⭐⭐⭐⭐⭐),5
Sabayon at EQ,Friendly and welcoming atmosphere. (⭐⭐⭐),3
RESTORAN SENTRAL SPICE,Desserts didn’t live up to the mains. (⭐⭐),2
RESTORAN SENTRAL SPICE,"Authentic flavors, reminded me of home cooking. (⭐⭐⭐⭐)",4
Fuego at Troika Sky Dining,Friendly and welcoming atmosphere. (⭐⭐⭐),3
Skillet KL,Waited too long between courses. (⭐⭐⭐⭐⭐),5
"PRIME, Le Méridien Kuala Lumpur",Food arrived quickly and piping hot. (⭐⭐⭐⭐⭐),5
Bunglow37,Delay spoiled the dining flow. (⭐),1
"PRIME, Le Méridien Kuala Lumpur",Food arrived quickly and piping hot. (⭐⭐⭐),3
Sabayon at EQ,Service was slow despite reservations. (⭐⭐⭐⭐),4
NADODI,Friendly and welcoming atmosphere. (⭐),1
Bijan Bar & Restaurant,"Authentic flavors, reminded me of home cooking. (⭐⭐⭐⭐⭐)",5
"THIRTY8 Restaurant, Bar & Lounge","Authentic flavors, reminded me of home cooking. (⭐⭐⭐⭐)",4
Sabayon at EQ,Staff were attentive and explained dishes beautifully. (⭐⭐⭐⭐),4
Skillet KL,Waited too long between courses. (⭐⭐⭐⭐⭐),5
RESTORAN SENTRAL SPICE,Portions were too small for the price. (⭐⭐⭐),3
Fuego at Troika Sky Dining,Staff were attentive and explained dishes beautifully. (⭐⭐),2
"THIRTY8 Restaurant, Bar & Lounge","Authentic flavors, reminded me of home cooking. (⭐⭐⭐⭐)",4
Skillet KL,Delay spoiled the dining flow. (⭐⭐),2
"THIRTY8 Restaurant, Bar & Lounge",Desserts didn’t live up to the mains. (⭐⭐⭐⭐),4
"PRIME, Le Méridien Kuala Lumpur",Food arrived quickly and piping hot. (⭐⭐),2
Skillet KL,Delay spoiled the dining flow. (⭐),1
Beta KL,Waited too long between courses. (⭐⭐⭐⭐⭐),5
Fuego at Troika Sky Dining,Staff were attentive and explained dishes beautifully. (⭐⭐⭐⭐⭐),5
Bunglow37,Food arrived quickly and piping hot. (⭐),1
Skillet KL,Delay spoiled the dining flow. (⭐⭐),2
Beta KL,Waited too long between courses. (⭐⭐⭐),3
"PRIME, Le Méridien Kuala Lumpur",Delay spoiled the dining flow. (⭐⭐⭐⭐⭐),5
Fuego at Troika Sky Dining,Staff were attentive and explained dishes beautifully. (⭐⭐⭐⭐⭐),5
Fuego at Troika Sky Dining,Friendly and welcoming atmosphere. (⭐⭐⭐⭐),4
Sabayon at EQ,Friendly and welcoming atmosphere. (⭐),1
Bijan Bar & Restaurant,"Authentic flavors, reminded me of home cooking. (⭐⭐⭐⭐⭐)",5
Fuego at Troika Sky Dining,Service was slow despite reservations. (⭐⭐⭐⭐),4
"THIRTY8 Restaurant, Bar & Lounge",Desserts didn’t live up to the mains. (⭐⭐⭐⭐),4
Skillet KL,Delay spoiled the dining flow. (⭐⭐⭐⭐⭐),5
Bunglow37,Food arrived quickly and piping hot. (⭐),1
Sabayon at EQ,Service was slow despite reservations. (⭐⭐⭐⭐),4
Beta KL,Waited too long between courses. (⭐⭐),2
"THIRTY8 Restaurant, Bar & Lounge","Authentic flavors, reminded me of home cooking. (⭐⭐⭐⭐)",4
Beta KL,Waited too long between courses. (⭐⭐⭐⭐⭐),5
Bunglow37,Food arrived quickly and piping hot. (⭐⭐),2
Bunglow37,Food arrived quickly and piping hot. (⭐⭐),2
NADODI,Service was slow despite reservations. (⭐⭐⭐⭐⭐),5
"PRIME, Le Méridien Kuala Lumpur",Delay spoiled the dining flow. (⭐⭐⭐⭐⭐),5
RESTORAN SENTRAL SPICE,Desserts didn’t live up to the mains. (⭐),1
Bijan Bar & Restaurant,"Authentic flavors, reminded me of home cooking. (⭐⭐⭐⭐)",4
Fuego at Troika Sky Dining,Service was slow despite reservations. (⭐⭐⭐⭐⭐),5
Beta KL,Food arrived quickly and piping hot. (⭐),1
"THIRTY8 Restaurant, Bar & Lounge","Authentic flavors, reminded me of home cooking. (⭐)",1
"THIRTY8 Restaurant, Bar & Lounge","Authentic flavors, reminded me of home cooking. (⭐⭐⭐⭐)",4
Bunglow37,Food arrived quickly and piping hot. (⭐),1
Beta KL,Food arrived quickly and piping hot. (⭐),1
Fuego at Troika Sky Dining,Service was slow despite reservations. (⭐⭐⭐⭐⭐),5
"PRIME, Le Méridien Kuala Lumpur",Waited too long between courses. (⭐⭐⭐),3
NADODI,Staff were attentive and explained dishes beautifully. (⭐),1
Skillet KL,Waited too long between courses. (⭐),1
RESTORAN SENTRAL SPICE,Portions were too small for the price. (⭐⭐),2
NADODI,Friendly and welcoming atmosphere. (⭐⭐⭐⭐),4
Sabayon at EQ,Friendly and welcoming atmosphere. (⭐),1
Bunglow37,Delay spoiled the dining flow. (⭐⭐⭐⭐⭐),5
Bunglow37,Delay spoiled the dining flow. (⭐),1
"THIRTY8 Restaurant, Bar & Lounge",Portions were too small for the price. (⭐),1
RESTORAN SENTRAL SPICE,Desserts didn’t live up to the mains. (⭐⭐⭐⭐⭐),5
"PRIME, Le Méridien Kuala Lumpur",Food arrived quickly and piping hot. (⭐),1
RESTORAN SENTRAL SPICE,Portions were too small for the price. (⭐⭐),2
Bijan Bar & Restaurant,Portions were too small for the price. (⭐⭐⭐),3
"THIRTY8 Restaurant, Bar & Lounge",Portions were too small for the price. (⭐),1
Sabayon at EQ,Service was slow despite reservations. (⭐⭐⭐),3
Sabayon at EQ,Friendly and welcoming atmosphere. (⭐⭐⭐⭐),4
"PRIME, Le Méridien Kuala Lumpur",Waited too long between courses. (⭐⭐⭐⭐⭐),5
"THIRTY8 Restaurant, Bar & Lounge","Authentic flavors, reminded me of home cooking. (⭐)",1
Bijan Bar & Restaurant,Portions were too small for the price. (⭐⭐),2
"THIRTY8 Restaurant, Bar & Lounge","Authentic flavors, reminded me of home cooking. (⭐)",1
"THIRTY8 Restaurant, Bar & Lounge",Desserts didn’t live up to the mains. (⭐⭐⭐⭐⭐),5
Beta KL,Food arrived quickly and piping hot. (⭐),1
Sabayon at EQ,Staff were attentive and explained dishes beautifully. (⭐⭐⭐),3
Fuego at Troika Sky Dining,Friendly and welcoming atmosphere. (⭐⭐⭐⭐),4
Bunglow37,Waited too long between courses. (⭐⭐),2
NADODI,Staff were attentive and explained dishes beautifully. (⭐⭐⭐),3
Bijan Bar & Restaurant,Portions were too small for the price. (⭐⭐),2
Sabayon at EQ,Service was slow despite reservations. (⭐⭐⭐⭐),4
"THIRTY8 Restaurant, Bar & Lounge","Authentic flavors, reminded me of home cooking. (⭐⭐⭐)",3
Beta KL,Food arrived quickly and piping hot. (⭐),1
Skillet KL,Food arrived quickly and piping hot. (⭐),1
RESTORAN SENTRAL SPICE,Desserts didn’t live up to the mains. (⭐⭐),2
Fuego at Troika Sky Dining,Staff were attentive and explained dishes beautifully. (⭐⭐⭐⭐),4
NADODI,Staff were attentive and explained dishes beautifully. (⭐),1
Bunglow37,Food arrived quickly and piping hot. (⭐⭐),2
Skillet KL,Waited too long between courses. (⭐),1
Bunglow37,Delay spoiled the dining flow. (⭐⭐⭐),3
Bunglow37,Delay spoiled the dining flow. (⭐⭐⭐),3
"PRIME, Le Méridien Kuala Lumpur",Delay spoiled the dining flow. (⭐⭐⭐⭐⭐),5
NADODI,Friendly and welcoming atmosphere. (⭐⭐),2
Sabayon at EQ,Service was slow despite reservations. (⭐⭐⭐⭐⭐),5
Fuego at Troika Sky Dining,Friendly and welcoming atmosphere. (⭐⭐),2
RESTORAN SENTRAL SPICE,"Authentic flavors, reminded me of home cooking. (⭐⭐⭐⭐)",4
Fuego at Troika Sky Dining,Staff were attentive and explained dishes beautifully. (⭐⭐),2
NADODI,Friendly and welcoming atmosphere. (⭐⭐⭐⭐⭐),5
Beta KL,Delay spoiled the dining flow. (⭐),1
Fuego at Troika Sky Dining,Service was slow despite reservations. (⭐⭐),2
"PRIME, Le Méridien Kuala Lumpur",Delay spoiled the dining flow. (⭐⭐⭐⭐),4
RESTORAN SENTRAL SPICE,Portions were too small for the price. (⭐⭐),2
Sabayon at EQ,Friendly and welcoming atmosphere. (⭐⭐⭐),3
RESTORAN SENTRAL SPICE,Portions were too small for the price. (⭐⭐⭐⭐),4
"THIRTY8 Restaurant, Bar & Lounge",Desserts didn’t live up to the mains. (⭐⭐⭐⭐),4
RESTORAN SENTRAL SPICE,Portions were too small for the price. (⭐⭐),2
NADODI,Friendly and welcoming atmosphere. (⭐⭐),2
Bunglow37,Food arrived quickly and piping hot. (⭐),1
Skillet KL,Food arrived quickly and piping hot. (⭐),1
Sabayon at EQ,Service was slow despite reservations. (⭐⭐⭐⭐),4
"THIRTY8 Restaurant, Bar & Lounge",Desserts didn’t live up to the mains. (⭐⭐⭐⭐),4
"PRIME, Le Méridien Kuala Lumpur",Waited too long between courses. (⭐⭐⭐⭐),4
"THIRTY8 Restaurant, Bar & Lounge",Portions were too small for the price. (⭐⭐⭐⭐),4
Beta KL,Waited too long between courses. (⭐⭐⭐⭐⭐),5
NADODI,Staff were attentive and explained dishes beautifully. (⭐⭐⭐⭐),4
Sabayon at EQ,Staff were attentive and explained dishes beautifully. (⭐⭐),2
Sabayon at EQ,Staff were attentive and explained dishes beautifully. (⭐⭐⭐⭐),4
Sabayon at EQ,Friendly and welcoming atmosphere. (⭐),1
Bijan Bar & Restaurant,Portions were too small for the price. (⭐⭐⭐⭐),4
NADODI,Service was slow despite reservations. (⭐⭐),2
Skillet KL,Delay spoiled the dining flow. (⭐⭐⭐⭐),4
"PRIME, Le Méridien Kuala Lumpur",Delay spoiled the dining flow. (⭐⭐),2
Beta KL,Waited too long between courses. (⭐⭐⭐),3
Bijan Bar & Restaurant,Portions were too small for the price. (⭐⭐⭐⭐⭐),5
"PRIME, Le Méridien Kuala Lumpur",Food arrived quickly and piping hot. (⭐),1
Beta KL,Waited too long between courses. (⭐⭐),2
"PRIME, Le Méridien Kuala Lumpur",Waited too long between courses. (⭐),1
NADODI,Staff were attentive and explained dishes beautifully. (⭐⭐⭐),3
Sabayon at EQ,Friendly and welcoming atmosphere. (⭐⭐⭐),3
Fuego at Troika Sky Dining,Friendly and welcoming atmosphere. (⭐⭐⭐⭐⭐),5
Sabayon at EQ,Service was slow despite reservations. (⭐⭐⭐),3
RESTORAN SENTRAL SPICE,Desserts didn’t live up to the mains. (⭐⭐),2
NADODI,Staff were attentive and explained dishes beautifully. (⭐⭐⭐),3
Skillet KL,Waited too long between courses. (⭐⭐⭐⭐),4
Fuego at Troika Sky Dining,Service was slow despite reservations. (⭐⭐),2
Fuego at Troika Sky Dining,Friendly and welcoming atmosphere. (⭐⭐⭐⭐⭐),5
Fuego at Troika Sky Dining,Service was slow despite reservations. (⭐⭐⭐),3
NADODI,Service was slow despite reservations. (⭐⭐⭐⭐⭐),5
Beta KL,Waited too long between courses. (⭐⭐⭐),3
Beta KL,Waited too long between courses. (⭐⭐⭐⭐⭐),5
Beta KL,Food arrived quickly and piping hot. (⭐⭐⭐⭐),4
"PRIME, Le Méridien Kuala Lumpur",Delay spoiled the dining flow. (⭐⭐⭐⭐),4
Fuego at Troika Sky Dining,Service was slow despite reservations. (⭐⭐),2
Sabayon at EQ,Service was slow despite reservations. (⭐⭐),2
Beta KL,Waited too long between courses. (⭐),1
Fuego at Troika Sky Dining,Friendly and welcoming atmosphere. (⭐⭐⭐),3
NADODI,Friendly and welcoming atmosphere. (⭐⭐⭐⭐⭐),5
RESTORAN SENTRAL SPICE,Portions were too small for the price. (⭐),1
Bunglow37,Delay spoiled the dining flow. (⭐⭐⭐),3
"PRIME, Le Méridien Kuala Lumpur",Food arrived quickly and piping hot. (⭐⭐⭐⭐),4
Skillet KL,Food arrived quickly and piping hot. (⭐⭐),2
Bijan Bar & Restaurant,Desserts didn’t live up to the mains. (⭐⭐⭐⭐),4
Bijan Bar & Restaurant,"Authentic flavors, reminded me of home cooking. (⭐⭐⭐)",3
Sabayon at EQ,Staff were attentive and explained dishes beautifully. (⭐⭐⭐⭐⭐),5
"PRIME, Le Méridien Kuala Lumpur",Food arrived quickly and piping hot. (⭐⭐⭐⭐⭐),5
Beta KL,Food arrived quickly and piping hot. (⭐⭐⭐),3
"PRIME, Le Méridien Kuala Lumpur",Food arrived quickly and piping hot. (⭐⭐⭐),3
Bijan Bar & Restaurant,Desserts didn’t live up to the mains. (⭐⭐),2
"THIRTY8 Restaurant, Bar & Lounge",Desserts didn’t live up to the mains. (⭐⭐),2
Skillet KL,Waited too long between courses. (⭐),1
Sabayon at EQ,Friendly and welcoming atmosphere. (⭐⭐⭐),3
"THIRTY8 Restaurant, Bar & Lounge","Authentic flavors, reminded me of home cooking. (⭐⭐⭐⭐)",4
Bunglow37,Waited too long between courses. (⭐⭐⭐⭐),4
Sabayon at EQ,Friendly and welcoming atmosphere. (⭐⭐⭐),3
Sabayon at EQ,Staff were attentive and explained dishes beautifully. (⭐⭐),2
RESTORAN SENTRAL SPICE,Desserts didn’t live up to the mains. (⭐⭐⭐⭐⭐),5
NADODI,Friendly and welcoming atmosphere. (⭐⭐),2
"THIRTY8 Restaurant, Bar & Lounge",Desserts didn’t live up to the mains. (⭐⭐⭐⭐),4
RESTORAN SENTRAL SPICE,Portions were too small for the price. (⭐),1
"THIRTY8 Restaurant, Bar & Lounge",Desserts didn’t live up to the mains. (⭐⭐⭐⭐⭐),5
"THIRTY8 Restaurant, Bar & Lounge","Authentic flavors, reminded me of home cooking. (⭐⭐)",2
Bunglow37,Food arrived quickly and piping hot. (⭐⭐⭐⭐),4
"THIRTY8 Restaurant, Bar & Lounge",Portions were too small for the price. (⭐),1
RESTORAN SENTRAL SPICE,"Authentic flavors, reminded me of home cooking. (⭐⭐⭐)",3
"PRIME, Le Méridien Kuala Lumpur",Delay spoiled the dining flow. (⭐),1
Fuego at Troika Sky Dining,Service was slow despite reservations. (⭐),1
NADODI,Staff were attentive and explained dishes beautifully. (⭐⭐⭐⭐),4
"THIRTY8 Restaurant, Bar & Lounge",Desserts didn’t live up to the mains. (⭐⭐),2
Bunglow37,Waited too long between courses. (⭐⭐⭐⭐⭐),5
"PRIME, Le Méridien Kuala Lumpur",Food arrived quickly and piping hot. (⭐⭐⭐⭐⭐),5
Bunglow37,Delay spoiled the dining flow. (⭐),1
Beta KL,Delay spoiled the dining flow. (⭐⭐⭐⭐),4
Skillet KL,Food arrived quickly and piping hot. (⭐),1
Skillet KL,Waited too long between courses. (⭐⭐⭐),3
"PRIME, Le Méridien Kuala Lumpur",Delay spoiled the dining flow. (⭐),1
Fuego at Troika Sky Dining,Service was slow despite reservations. (⭐⭐),2
Sabayon at EQ,Service was slow despite reservations. (⭐⭐⭐⭐⭐),5
Bunglow37,Waited too long between courses. (⭐),1
"PRIME, Le Méridien Kuala Lumpur",Delay spoiled the dining flow. (⭐⭐⭐),3
Fuego at Troika Sky Dining,Friendly and welcoming atmosphere. (⭐⭐⭐⭐),4
RESTORAN SENTRAL SPICE,Desserts didn’t live up to the mains. (⭐⭐⭐),3
RESTORAN SENTRAL SPICE,Desserts didn’t live up to the mains. (⭐⭐⭐),3
NADODI,Staff were attentive and explained dishes beautifully. (⭐⭐),2
Sabayon at EQ,Staff were attentive and explained dishes beautifully. (⭐⭐⭐),3
Skillet KL,Delay spoiled the dining flow. (⭐⭐⭐⭐⭐),5
Bunglow37,Delay spoiled the dining flow. (⭐⭐⭐⭐),4
Sabayon at EQ,Service was slow despite reservations. (⭐),1
Fuego at Troika Sky Dining,Service was slow despite reservations. (⭐⭐⭐⭐),4
Bunglow37,Waited too long between courses. (⭐⭐),2
"THIRTY8 Restaurant, Bar & Lounge",Portions were too small for the price. (⭐⭐⭐⭐⭐),5
Bunglow37,Delay spoiled the dining flow. (⭐⭐⭐⭐⭐),5
Beta KL,Waited too long between courses. (⭐⭐⭐),3
Skillet KL,Food arrived quickly and piping hot. (⭐⭐),2
Bunglow37,Food arrived quickly and piping hot. (⭐⭐),2
NADODI,Friendly and welcoming atmosphere. (⭐),1
Fuego at Troika Sky Dining,Friendly and welcoming atmosphere. (⭐),1
Bunglow37,Delay spoiled the dining flow. (⭐⭐⭐⭐),4
Skillet KL,Waited too long between courses. (⭐⭐⭐⭐⭐),5
Beta KL,Delay spoiled the dining flow. (⭐⭐⭐⭐⭐),5
"THIRTY8 Restaurant, Bar & Lounge",Desserts didn’t live up to the mains. (⭐⭐⭐⭐),4
